723,Seismic Waves
318,Nostalgia
1140,Calendar of Meaningful Dates
1141,Two Years
993,Brand Identity
198,Perspective
429,Fantasy
669,Experiment
428,Starwatching
668,Pandora
344,1337: Part 4
345,1337: Part 5
346,Diet Coke+Mentos
347,Brick Archway
340,Fight
341,1337: Part 1
342,1337: Part 2
343,1337: Part 3
810,Constructive
811,Starlight
812,Glass
813,One-Liners
348,Close to You
349,Success
816,Applied Math
817,Mutual
664,Academia vs. Business
739,Malamanteau
719,Brain Worms
718,The Flake Equation
717,Furtive
716,Time Machine
715,Numbers
714,Porn For Women
713,GeoIP
712,Single Ladies
711,Seismograph
710,Collatz Conjecture
618,Asteroid
421,Making Hash Browns
661,Two-Party System
129,Content Protection
420,Jealousy
660,Sympathy
423,Finish Line
1069,Alphabet
1068,Swiftkey
422,A Better Idea
1061,EST
1060,Crowdsourcing
1063,Kill Hitler
1062,Budget News
1065,Shoes
1064,Front Door
1067,Pressures
1066,Laundry
671,Stephen and Me
1258,First
298,Tesla Coil
299,Aeris Dies
296,Tony Hawk
297,Lisp Cycles
294,Bookstore
295,DNE
292,goto
293,RTFM
290,Fucking Blue Shells
291,Dignified
591,Troll Slayer
590,Papyrus
593,Voynich Manuscript
592,Drama
595,Android Girlfriend
1082,Geology
597,Addiction
596,Latitude
195,Map of the Internet
194,Penises
197,Ninja Turtles
196,Command Line Fu
191,Lojban
190,IPoD
193,The Perfect Sound
192,Working for Google
270,Merlin
271,Powers of One
272,Linux User at Best Buy
273,Electromagnetic Spectrum
274,With Apologies to The Who
275,Thoughts
276,Fixed Width
277,Long Light
278,Black Hat Support
279,Pickup Lines
569,Borders
497,Secretary: Part 4
524,Party
525,I Know You're Listening
526,Converting to Metric
527,Keynote
520,Cuttlefish
521,2008 Christmas Special
522,Google Trends
523,Decline
1014,Car Problems
1015,Kerning
599,Apocalypse
1017,Backward in Time
528,Windows 7
529,Sledding Discussion
1012,Wrong Superhero
1013,Wake Up Sheeple
1234,Douglas Engelbart (1925-2013)
1235,Settled
1236,Seashell
448,Good Morning
1230,Polar/Cartesian
1231,Habitable Zone
1232,Realistic Criteria
1233,Relativity
443,Know Your Vines
442,xkcd Loves the Discovery Channel
441,Babies
440,Road Rage
447,Too Old For This Shit
446,In Popular Culture
445,I Am Not Good with Boomerangs
444,Macgyver Gets Lazy
47,Counter-Red Spiders
108,M.C. Hammer Slide
109,Spoiler Alert
588,Pep Rally
102,Back to the Future
103,Moral Relativity
100,Family Circus
101,Laser Scope
106,Wright Brothers
107,Snakes on a Plane! 2
104,Find You
105,Parallel Universe
902,Darmok and Jalad
903,Extended Mind
39,Bowl
38,Apple Jacks
906,Advertising Discovery
907,Ages
904,Sports
905,Homeownership
33,Self-reference
32,Pillar
31,Barrel - Part 5
30,Donner
37,Hyphen
36,Scientists
35,Sheep
34,Flowers
641,Free
1240,Quantum Mechanics
643,Ohm
642,Creepy
645,RPS
644,Surgery
438,Internet Argument
439,Thinking Ahead
436,How it Happened
437,SUV
434,xkcd Goes to the Airport
435,Purity
432,Journal 4
433,Journal 5
430,Every Damn Morning
431,Delivery
826,Guest Week: Zach Weiner (SMBC)
540,Base System
339,Classic
338,Future
335,Mattress
334,Wasteland
337,Post Office Showdown
336,Priorities
331,Photoshops
330,Indecision
333,Getting Out of Hand
332,Gyroscopes
559,No Pun Intended
1026,Compare and Contrast
745,Dyslexics
854,Learning to Cook
818,Illness
856,Trochee Fixation
857,Archimedes
850,World According to Americans
851,Na
852,Local g
819,Five-Minute Comics: Part 1
858,Milk
859,(
316,Loud Sex
748,Worst-Case Scenario
6,Irony
822,Guest Week: Jeph Jacques (Questionable Content)
151,Mario
425,Fortune Cookies
634,Date
43,Red Spiders 2
99,Binary Heart
98,Fall Apart
8,Red spiders
91,Pwned
90,Jacket
93,Jeremy Irons
92,Sunrise
95,The Sierpinski Penis Game
94,Profile Creation Flowchart
97,A Simple Plan
96,Mail
150,Grownups
424,Security Holes
814,Diode
314,Dating Pools
815,Mu
1260,LD50
1336,Transformers
153,Cryptography
427,Bad Timing
740,The Tell-Tale Beat
741,Blogging
742,Campfire
743,Infrastructures
744,Walkthrough
558,1000 Times
746,Birth
747,Geeks and Nerds
555,Two Mirrors
554,Not Enough Work
557,Students
556,Alternative Energy Revolution
551,Etch-a-Sketch
550,Density
553,Pirate Bay
552,Correlation
996,Making Things Difficult
238,Pet Peeve #114
239,Blagofaire
234,Escape Artist
235,Kite
236,Collecting Double-Takes
237,Keyboards are Disgusting
230,Hamiltonian
231,Cat Proximity
232,Chess Enlightenment
233,A New CAPTCHA Approach
1050,Forgot Algebra
1051,Visited
1052,Every Major's Terrible
1053,Ten Thousand
1054,The bacon
1055,Kickstarter
1056,Felidae
1057,Klout
1058,Old-Timers
1059,Bel-Air
1193,Externalities
1192,Humming
1195,Flowchart
1194,Stratigraphic Record
1197,All Adobe Updates
1196,Subways
1,Barrel - Part 1
918,Google+
1330,Kola Borehole
1159,Countdown
155,Search History
159,Boombox
146,Join Myspace
147,A Way So Familiar
144,Parody Week: A Softer World
145,Parody Week: Dinosaur Comics
142,Parody Week: Megatokyo
143,Parody Week: TFD and Natalie Dee
140,Delicious
141,Parody Week: Achewood
612,Estimation
613,Threesome
610,Sheeple
611,Disaster Voyeurism
616,Lease
617,Understocked
148,Mispronouncing
149,Sandwich
511,Sleet
1276,Angular Size
615,Avoidance
510,Egg Drop Failure
154,Beliefs
513,Friends
1285,Third Way
1284,Improved Keyboard
1287,Puzzle
512,Alternate Currency
1281,Minifigs
1280,Mystery News
948,AI
949,File Transfer
946,Family Decals
947,Investing
944,Hurricane Names
945,I'm Sorry
942,Juggling
943,Empirical
940,Oversight
941,Depth Perception
1191,The Past
689,FIRST Design
688,Self-Description
157,Filler Art
1190,Time
685,G-Spot
684,We Get It
687,Dimensional Analysis
686,Admin Mourning
681,Gravity Wells
680,December 25th
683,Science Montage
682,Force
1304,Glass Trolling
458,Regrets
1306,Sigil Cycle
1307,Buzzfeed Christmas
1300,Galilean Moons
1301,File Extensions
1302,Year in Review
1303,Profile Info
1308,Christmas Lights
621,Superlative
873,FPS Mod
133,The Raven
132,Music Knowledge
131,Fans
130,Julia Stiles
137,Dreams
136,Science Fair
135,Substitute
134,Myspace
494,Secretary: Part 1
495,Secretary: Part 2
139,I Have Owned Two Electric Skateboards
138,Pointers
490,Morning Routine
491,Twitter
492,Scrabble
493,Actuarial
24,"Godel, Escher, Kurt Halsey"
25,Barrel - Part 4
26,Fourier
27,Meat Cereals
20,Ferret
21,Kepler
22,Barrel - Part 3
23,T-shirts
534,Genetic Algorithms
1220,Hipsters
28,Elefino
29,Hitler
820,Five-Minute Comics: Part 2
407,Cheap GPS
406,Venting
405,Journal 3
938,T-Cells
403,Convincing Pickup Line
402,"1,000 Miles North"
401,Large Hadron Collider
400,Important Life Lesson
933,Tattoo
932,CIA
931,Lanes
930,Days of the Week
937,TornadoGuard
452,Mission
409,Electric Skateboard (Double Comic)
408,Overqualified
453,Upcoming Hurricanes
879,Lamp
1316,Inexplicable
414,Mistranslations
455,Hats
456,Cautionary
1118,Microsoft
457,Frustration
183,Snacktime Rules
849,Complex Conjugate
415,Restraining Order
737,Yogurt
379,Forgetting
378,Real Programmers
228,Resonance
829,Arsenic-Based Life
828,Positive Attitude
44,Love
371,Compiler Complaint
370,Redwall
373,The Data So Far
372,To Be Wanted
375,Pod Bay Doors
374,Journal
377,Journal 2
376,Bug
1278,Giraffes
708,Sex Dice
709,I Am
1176,Those Not Present
704,Principle of Explosion
705,Devotion to Duty
706,Freedom
707,Joshing
700,Complexion
1175,Moving Sidewalks
702,Snow Tracking
703,Honor Societies
393,Ultimate Game
392,Making Rules
88,Escher Bracelet
619,Supported Features
397,Unscientific
396,The Ring
395,Morning
394,Kilobyte
82,Frame
83,Katamari
80,My Other Car
81,"Attention, shopper"
86,Digital Rights Management
87,Velociraptors
84,National Language
85,Paths
797,debian-main
796,Bad Ex
795,Conditional Risk
794,Inside Joke
793,Physicists
792,Password Reuse
791,Leaving
790,Control
1170,Bridge
749,Study
799,Stephen Hawking
798,Adjectives
1270,Functional
7,Girl sleeping (Sketch -- 11th grade Spanish class)
1271,Highlighting
170,Turn Back
1272,Shadowfacts
1312,Haskell
586,Mission to Culture
587,Crime Scene
1139,Rubber and Glue
585,Outreach
582,Brakes
583,CNR
580,The Race: Part 4
581,The Race: Part 5
1133,Up Goer Five
1132,Frequentists vs. Bayesians
1131,Math
1130,Poll Watching
1137,‮LTR
1136,Broken Mirror
1135,Arachnoneurology
589,Designated Drivers
245,Floor Tiles
244,Tabletop Roleplaying
247,Factoring the Time
246,Labyrinth Puzzle
241,Battle Room
614,Woodpecker
243,Appropriate Term
242,The Difference
1178,Pickup Artists
249,Chess Photo
248,Hypotheticals
972,November
418,Stove Ownership
224,Lisp
639,Lincoln-Douglas
419,Forks and Spoons
519,11th Grade
518,Flow Charts
1009,Sigh
1008,Suckville
1007,Sustainable
1006,Sloppier Than Fiction
1005,SOPA
1004,Batman
515,No One Must Know
1002,Game AIs
517,Marshmallow Gun
1000,1000 Comics
623,Oregon
622,Haiku Proof
1225,Ice Sheets
514,Simultaneous
627,Tech Support Cheat Sheet
626,Newton and Leibniz
625,Collections
624,Branding
450,The Sea
451,Impostor
629,Skins
628,Psychic
454,Rewiring
1085,ContextBot
1229,Screensaver
1228,Prometheus
1084,Server Problem
179,e to the pi times i
178,Not Really Into Pokemon
177,Alice and Bob
199,Right-Hand Rule
175,Automatic Doors
174,That's What SHE Said
173,Movie Seating
172,Skateboarding is Not a Crime
171,String Theory
594,Period
977,Map Projections
182,Nash
975,Occulting Telescope
974,The General Problem
973,MTV Generation
1081,Argument Victory
971,Alternative Literature
970,The Important Field
1080,Visual Field
180,Canada
979,Wisdom of the Ancients
978,Citogenesis
656,October 30th
1120,Blurring the Line
654,Nachos
181,Interblag
186,Console Lines
187,The Familiar
184,Matrix Transform
185,Wikifriends
652,More Accurate
188,Reload
189,Exercise
1122,Electoral Precedent
658,Orbitals
516,Wood Chips
1123,The Universal Label
650,Nowhere
1124,Law of Drama
651,Bag Check
1331,Frequency
1125,Objects In Mirror
1286,Encryptic
1089,Internal Monologue
1088,Five Years
1227,The Pace of Modern Life
1113,Killed In Action
11,Barrel - Part 2
10,Pi Equals
13,Canyon
12,Poisson
15,Just Alerting You
14,Copyright
17,What If
16,Monty Python -- Enough
19,George Clinton
18,Snapple
863,Major in the Universe
1282,Monty Hall
865,Nanobots
864,Flying Cars
867,Herpetology
866,Compass and Straightedge
354,Startling
659,Lego
1226,Balloon Internet
883,Pain Rating
882,Significant
881,Probability
880,Headache
887,Future Timeline
886,Craigslist Apartments
885,Recycling
884,Rogers St.
1289,Simple Answers
889,Turtles
888,Heaven
1288,Substitutions
116,City
750,Book Burning
45,Schrodinger
657,Movie Narrative Charts
356,Nerd Sniping
1083,Writing Styles
355,Couple
322,Pix Plz
323,Ballmer Peak
320,28-Hour Day
321,Thighs
326,Effect an Effect
327,Exploits of a Mom
324,Tapping
325,A-Minus-Minus
1224,Council of 300
328,Eggs
329,Turing Test
562,Parking
201,Christmas GPS
200,Bill Nye
203,Hallucinations
202,YouTube
205,Candy Button Paper
204,America
207,What xkcd Means
206,Reno Rhymes
209,Kayak
208,Regular Expressions
779,Anxiety
778,Scheduling
679,Christmas Plans
77,Bored with the Internet
76,Familiar
75,Curse Levels
74,Su Doku
73,Zeppelin
72,Classhole
71,In the Trees
70,Guitar Hero
655,Climbing
631,Anatomy Text
567,Urgent Mission
79,Iambic Pentameter
78,Garfield
1043,Ablogalypse
1042,Never
1041,Whites of Their Eyes
1040,Lakes and Oceans
1047,Approximations
1046,Skynet
1045,Constraints
1044,Romney Quiz
1049,Bookshelf
1048,Emotion
1222,Pastime
359,Rock Band
1310,Goldbach Conjectures
358,Loud Party
868,Nolan Chart
1142,Coverage
1143,Location
1269,Privacy Opinions
1268,Alternate Universe
1146,Honest
1147,Evolving
1144,Tags
1145,Sky Color
667,SkiFree
1262,Unquote
1148,Nothing to Offer
1149,Broomstick
1267,Mess
1266,Halting Problem
1265,Juicer
1264,Slideshow
1221,Nomenclature
215,Letting Go
653,So Bad It's Worse
1037,Umwelt
692,Dirty Harry
693,Children's Fantasy
690,Semicontrolled Demolition
691,MicroSD
696,Strip Games
697,Tensile vs. Shear Strength
694,Retro Virus
695,Spirit
1029,Drawing Stars
698,You Hang Up First
699,Trimester
222,Small Talk
542,Cover-Up
543,Sierpinski Valentine
1279,Reverse Identity Theft
541,TED Talk
546,Music DRM
547,Simple
544,Pep Talk
545,Neutrality Schmeutrality
1018,"Good Cop, Dadaist Cop"
548,Kindle
549,Westley's a Dick
827,Business Idea
1019,First Post
1317,Theft
994,Advent Calendar
1315,Questions for God
1314,Photos
991,Phantom Menace
990,Plastic Bags
1311,2014
992,Mnemonics
369,Dangers
999,Cougars
998,2012
1319,Automation
1318,Actually
120,Dating Service
121,Balloon
122,Quirky Girls
123,Centrifugal Force
124,Blogofractal
125,Marketing Interview
126,Red Spiders Cometh
127,The Fast and the Furious
128,dPain over dt
2,Petit Trees (sketch)
219,Blanket Fort
176,Before Sunrise
214,The Problem with Wikipedia
777,Pore Strips
676,Abstraction
1128,Fifty Shades
1010,Etymology-Man
563,Fermirotica
1022,So It Has Come To This
1011,Baby Names
928,Mimic Octopus
929,Speculation
416,Zealous Autoconfig
417,The Man Who Fell Sideways
410,Math Paper
411,Techno
412,Startled
413,New Pet
920,YouTube Parties
498,Secretary: Part 5
922,Fight Club
923,Strunk and White
924,3D Printer
925,Cell Phones
926,Time Vulture
927,Standards
319,Engineering Hubris
862,Let Go
313,Insomnia
312,With Apologies to Robert Frost
311,Action Movies
310,Commitment
317,That Lovin' Feelin'
449,Things Fall Apart
315,Braille
1028,Communication
1237,QR Code
1177,Time Robot
921,Delivery Notification
496,Secretary: Part 3
1134,Logic Boat
832,Tic-Tac-Toe
833,Convincing
830,Genetic Analysis
831,Weather Radar
836,Sickness
837,Coupon Code
834,Wikileaks
835,Tree
838,Incident
839,Explorers
1335,Now
3,Island (sketch)
725,Literally
1305,Undocumented Feature
368,Bass
1334,Second
366,Your Mom
367,Fandom
364,Responsible Behavior
365,Slides
362,Blade Runner
363,Reset
360,Writers Strike
361,Christmas Back Home
1336,Transformers
720,Recipes
218,Nintendo Surgeon
1238,Enlightenment
1239,Social Media
380,Emoticon
861,Wisdom Teeth
382,Trebuchet
383,Helping
384,The Drake Equation
385,How it Works
386,Duty Calls
387,Advanced Technology
388,Fuck Grapefruit
389,Keeping Time
1332,Slippery Slope
784,Falling Asleep
785,Open Mic Night
786,Exoplanets
787,Orbiter
780,Sample
781,Ahead Stop
782,Desecration
381,Mobius Battle
788,The Carriage
789,Showdown
1174,App
860,Never Do This
630,Time Travel
114,Computational Linguists
1223,Dwarf Fortress
1252,Increased Risk
1164,Home Alone
579,The Race: Part 3
578,The Race: Part 2
1165,Amazon
573,Parental Trolling
572,Together
571,Can't Sleep
570,New Car
577,The Race: Part 1
576,Packages
575,Tag Combination
574,Swine Flu
60,Super Bowl
61,Stacey's Dad
62,Valentine - Karnaugh
259,Clich&eacute;d Exchanges
64,Solar Plexus
65,Banter
66,Abusive Astronomy
67,Nerd Girls
68,Five Thirty
253,Highway Engineer Pranks
250,Snopes
251,CD Tray Fight
256,Online Communities
257,Code Talkers
254,Comic Fragment
255,Subjectivity
499,Scantron
603,Idiocracy
1172,Workflow
156,Commented
632,Suspicion
939,Arrow
731,Desert Island
730,Circuit Diagram
733,Eagle
732,HDTV
735,Floor
734,Outbreak
508,Drapes
736,Cemetery
1032,Networking
738,Incision
1030,Keyed
505,A Bunch of Rocks
502,Dark Flow
503,Terminology
500,Election
501,Faust 2.0
1212,Interstellar Memes
1213,Combination Vision Test
1210,I'm So Random
633,Blockbuster Mining
1216,Sticks and Stones
468,Fetishes
636,Brontosaurus
637,Scribblenauts
465,Quantum Teleportation
464,RBA
1218,Doors of Durin
466,Moving
461,Google Maps
900,Religions
463,Voting Machines
462,Freemanic Paracusia
281,Online Package Tracking
901,Temperature
168,Reverse Euphemisms
169,Words that End in GRY
164,Playing Devil's Advocate to Win
165,Turn Signals
166,Misusing Slang
167,Nihilism
160,Penny Arcade Parody
161,Accident
1016,Valentine Dilemma
163,Donald Knuth
964,Dorm Poster
965,Elements
966,Jet Fuel
967,Prairie
960,Subliminal
961,Eternal Flame
962,The Corliss Resolution
963,X11
1129,Cell Number
783,I Don't Want Directions
968,Everything
969,Delta-P
608,Form
936,Password Strength
1106,ADD
1107,Sports Cheat Sheet
1104,Feathers
1105,License Plate
1102,Fastest-Growing
1103,Nine
1100,Vows
1101,Sketchiness
934,Mac/PC
1274,Open Letter
908,The Cloud
1108,Cautionary Ghost
1109,Refrigerator
670,Spinal Tap Amps
909,Worst-Case Shopping
635,Locke and Demosthenes
722,Computer Problems
919,Tween Bromance
584,Unsatisfied
678,Researcher Translation
1275,int(pi)
467,X Girls Y Cups
609,Tab Explosion
1158,Rubber Sheet
1241,Annoying Ringtone Champion
878,Model Rail
640,Tornado Hunter
876,Trapped
877,Beauty
874,Time Management
875,2009 Called
872,Fairy Tales
1243,Snare
870,Advertising
871,Charity
674,Natural Parenting
1242,Scary Names
675,Revolutionary
9,Serenity is coming out tomorrow
1245,10-Day Forecast
646,Conversations
1244,Six Words
890,Etymology
891,Movie Ages
892,Null Hypothesis
893,65 Years
894,Progeny
647,Scary
896,Marie Curie
897,Elevator Inspection
898,Chain of Command
899,Number Line
1087,Cirith Ungol
1246,Pale Blue Dot
1099,Tuesdays
1138,Heatmap
1199,Silence
1247,The Mother of All Suspicious Files
672,Suggestions
1277,Ayn Random
1248,Sphere
673,The Sun
1273,Tall Infographics
1036,Reviews
638,The Search
1173,Steroids
262,IN UR REALITY
1086,Eyelash Wish Log
357,Flies
1198,Geologist
809,Los Alamos
808,The Economic Argument
353,Python
352,Far Away
351,Trolling
350,Network
803,Airfoil
802,Online Communities 2
801,Golden Hammer
800,Beautiful Dream
807,Connected
806,Tech Support
805,Paradise City
804,Pumpkin Carving
216,Romantic Drama Equation
217,e to the pi Minus pi
768,1996
769,War
212,Brain
213,Ghostbusters Marathon
210,90's Flowchart
211,Hamster Ball Heist
762,Analogies
763,Workaround
760,Moria
761,DFS
766,Green Flash
767,Temper
764,One Two
765,Dilution
40,Light
41,Old Drawing
1309,Infinite Scrolling
1033,Formal Logic
1169,Expedition
1119,Undoing
1078,Knights
1079,United Shapes
1076,Groundhog Day
1077,Home Organization
1074,Moon Landing
1075,Warning
1072,Seventies
1073,Weekend
1070,Words for Small Sets
1071,Exoplanets
289,Alone
288,Elevator
1112,Think Logically
1003,Adam and Eve
4,Landscape (sketch)
1179,ISO 8601
280,Librarians
283,Projection
282,Organic Fuel
285,Wikipedian Protester
284,Tape Measure
287,NP-Complete
286,All Your Base
1094,Interview
1095,Crazy Straws
1096,Clinically Studied Ingredient
1097,A Hypochondriac's Nightmare
1090,Formal Languages
1091,Curiosity
1092,Michael Phelps
1093,Forget
1155,Kolmogorov Directions
1154,Resolution
1157,Sick Day
1156,Conditioning
1098,Star Ratings
1150,Instagram
1153,Proof
1152,Communion
263,Certainty
1292,Pi vs. Tau
261,Regarding Mussolini
260,The Glass Necklace
267,Choices: Part 4
266,Choices: Part 3
265,Choices: Part 2
264,Choices: Part 1
1121,Identity
269,TCMP
268,Choices: Part 5
478,The Staple Madness
59,Graduation
58,Why Do You Love Me?
1215,Insight
55,Useless
54,Science
57,Wait For Me
56,The Cure
51,Malaria
258,Conspiracy Theories
53,Hobby
52,Secret Worlds
537,Ducklings
536,Space Elevators
535,It Might Be Cool
63,Valentine - Heart
533,Laptop Hell
532,Piano
531,Contingency Plan
530,I'm An Idiot
598,Porn
152,Hamster Ball
539,Boyfriend
538,Security
1322,Winter
775,Savannah Ancestry
988,Tradition
1321,Cold
1171,Perl Problems
1327,Mobile Marketing
1324,Weather
774,Atheists
982,Set Theory
983,Privacy
980,Money
1329,Standing
986,Drinking Fountains
987,Potential
984,Space Launch System
50,Penny Arcade
115,Meerkat
252,Escalators
117,Pong
776,Still No Sleep
111,Firefox and Witchcraft - The Connection?
110,Clark Gable
113,Riemann-Zeta
69,Pillow Talk
677,Asshole
771,Period Speech
5,Blown apart
119,Worst Band Name Ever
118,50 Ways
770,All the Girls
773,University Website
772,Frogger
1001,AAAAAA
1256,Questions
1257,Monster
1254,Preferred Chat System
1255,Columbus
666,Silent Hammer
1253,Exoplanet Names
1250,Old Accounts
1251,Anti-Glass
915,Connoisseur
914,Ice
917,Hofstadter
916,Unpickable
911,Magic School Bus
910,Permanence
913,Core
912,Manual Override
308,Interesting Life
309,Shopping Teams
855,1999
300,Facebook
301,Limerick
302,Names
303,Compiling
304,Nighttime Stories
305,Rule 34
306,Orphaned Projects
307,Excessive Quotation
895,Teaching Physics
825,Guest Week: Jeffrey Rowland (Overcompensating)
665,Prudence
824,Guest Week: Bill Amend (FoxTrot)
649,Static
847,Stingray Nebula
846,Dental Nerve
845,Modern History
844,Good Code
843,Misconceptions
842,Mark
841,Audiophiles
840,Serious
1151,Tests
821,Five-Minute Comics: Part 3
853,Consecutive Vowels
1126,Epsilon and Zeta
848,3D
1333,First Date
823,Guest Week: David Troupes (Buttercup Festival)
1313,Regex Golf
1209,Encoding
648,Fall Foliage
459,Holy Ghost
1249,Meteor Showers
1186,Bumblebees
489,Going West
1323,Protocol
1283,Headlines
1127,Congress
1320,Walmart
663,Sagan-Man
240,Dream Girl
989,Cryogenics
1208,Footnote Labyrinths
1326,Sharks
485,Depth
390,Nightmares
1261,Shake That
1325,Rejection
662,iPhone or Droid
1038,Fountain
1039,RuBisCO
162,Angular Momentum
1328,Update
1166,Argument
391,Anti-Mindvirus
753,Southern Half
752,Phobia
751,Swimsuit Issue
981,Porn Folder
757,Toot
756,Public Opinion
755,Interdisciplinary
754,Dependencies
560,Lithium Batteries
561,Well
759,3x9
758,Raptor Fences
564,Crossbows
565,Security Question
566,Matrix Revisited
701,Science Valentine
506,Theft of the Magi
1259,Bee Orchid
229,Graffiti
507,Experimentation
227,Color Codes
226,Swingset
225,Open Source
985,Percentage Points
223,Valentine's Day
504,Legal Hacks
221,Random Number
220,Philosophy
1025,Tumblr
1024,Error Code
1027,Pickup Artist
1031,s/keyboard/leopard/
1021,Business Plan
1020,Orion Nebula
1023,Late-Night PBS
1189,Voyager 1
995,Coinstar
1187,Aspect Ratio
1184,Circumference Formula
1185,Ineffective Sorts
1182,Rembrandt Photo
1183,Rose Petals
1180,Virus Venn Diagram
1181,PGP
726,Seat Selection
727,Trade Expert
724,Hell
89,Gravitational Mass
568,Well 2
1034,Share Buttons
426,Geohashing
721,Flatland
1160,Drop Those Pounds
1035,Cadbury Eggs
1167,Star Trek into Darkness
728,iPad
729,Laser Pointer
605,Extrapolating
604,Qwertial Aphasia
607,2038
606,Cutting Edge
601,Game Theory
600,Android Boyfriend
1162,Log Scale
602,Overstimulated
1205,Is It Worth the Time?
158,Six Months
1207,AirAware
112,Baring My Heart
1168,tar
1200,Authorization
1203,Time Machines
1202,Girls and Boys
1204,Detail
1211,Birds and Dinosaurs
976,Sail
1161,Hand Sanitizer
469,Improvised
935,Missed Connections
399,Travelling Salesman Problem
1217,Cells
959,Caroling
958,Hotels
398,Tap That Ass
997,Wait Wait
1214,Geoguessr
48,Found
49,Want
951,Working
950,Mystery Solved
953,1 to 10
952,Stud Finder
42,Geico
954,Chin-Up Bar
957,Development
956,Sharing
1111,Premiere
1110,Click and Drag
1298,Exoplanet Neighborhood
1299,I Don't Own a TV
1115,Sky
1114,Metallurgy
1117,My Sky
1116,Traffic Lights
620,Wings
1293,Job Interview
1290,Syllable Planning
1291,Shoot for the Moon
1296,Git Commit
1297,Oort Cloud
1294,Telescope Names
1295,New Study
1188,Bonding
1219,Reports
1206,Einstein
460,Paleontology
1163,Debugger
1263,Reassuring
488,Steal This Comic
487,Numerical Sex Positions
486,I am Not a Ninja
869,Server Attention Span
484,Flash Games
483,Fiction Rule of Thumb
482,Height
481,Listen to Yourself
480,Spore
509,Induced Current
955,Neutrinos
1201,Integration by Parts
472,
473,Still Raw
470,The End is Not for a While
471,Aversion Fads
476,One-Sided
477,Typewriter
474,Turn-On
475,Further Boomerang Difficulties
46,Secrets
479,Tones
